STATION,STATION_NAME,DATE,DLY-PRCP-NORMAL,MTD-PRCP-NORMAL,YTD-PRCP-NORMAL,DLY-PRCP-PCTALL-GE001HI,DLY-PRCP-PCTALL-GE010HI,DLY-PRCP-PCTALL-GE050HI,DLY-PRCP-PCTALL-GE100HI,DLY-TAVG-NORMAL,DLY-DUTR-NORMAL,DLY-TMAX-NORMAL,DLY-TMIN-NORMAL,DLY-TAVG-STDDEV,DLY-DUTR-STDDEV,DLY-TMAX-STDDEV,DLY-TMIN-STDDEV
GHCND:USW00023190,SANTA BARBARA MUNICIPAL AIRPORT CA US,20100101,0.12,0.12,0.12,201,139,80,39,51.5,23.1,63.1,40,4,8.6,5.8,6
GHCND:USW00023190,SANTA BARBARA MUNICIPAL AIRPORT CA US,20100102,0.12,0.24,0.24,201,140,80,39,51.6,23.1,63.1,40,4,8.6,5.8,6
GHCND:USW00023190,SANTA BARBARA MUNICIPAL AIRPORT CA US,20100103,0.12,0.36,0.36,201,140,81,39,51.6,23.2,63.2,40,4.1,8.7,5.8,6.1
GHCND:USW00023190,SANTA BARBARA MUNICIPAL AIRPORT CA US,20100104,0.11,0.47,0.47,200,140,81,39,51.6,23.2,63.2,40.1,4.1,8.7,5.8,6.1
GHCND:USW00023190,SANTA BARBARA MUNICIPAL AIRPORT CA US,20100105,0.11,0.58,0.58,199,141,81,39,51.7,23.2,63.3,40.1,4.1,8.7,5.8,6.1
GHCND:USW00023190,SANTA BARBARA MUNICIPAL AIRPORT CA US,20100106,0.12,0.7,0.7,198,140,81,40,51.7,23.2,63.3,40.1,4.1,8.7,5.8,6.1
GHCND:USW00023190,SANTA BARBARA MUNICIPAL AIRPORT CA US,20100107,0.11,0.81,0.81,197,140,81,40,51.7,23.2,63.3,40.2,4.1,8.6,5.8,6.1
GHCND:USW00023190,SANTA BARBARA MUNICIPAL AIRPORT CA US,20100108,0.12,0.93,0.93,196,140,81,39,51.8,23.2,63.4,40.2,4.1,8.6,5.8,6.1
GHCND:USW00023190,SANTA BARBARA MUNICIPAL AIRPORT CA US,20100109,0.12,1.05,1.05,195,139,80,39,51.8,23.2,63.4,40.2,4.1,8.6,5.8,6.1
GHCND:USW00023190,SANTA BARBARA MUNICIPAL AIRPORT CA US,20100110,0.12,1.17,1.17,194,139,80,39,51.9,23.2,63.4,40.3,4.1,8.6,5.9,6.1
GHCND:USW00023190,SANTA BARBARA MUNICIPAL AIRPORT CA US,20100111,0.13,1.3,1.3,193,138,80,39,51.9,23.1,63.5,40.3,4.1,8.6,5.9,6.1
GHCND:USW00023190,SANTA BARBARA MUNICIPAL AIRPORT CA US,20100112,0.12,1.42,1.42,192,138,80,38,51.9,23.1,63.5,40.4,4.1,8.6,5.9,6.1
GHCND:USW00023190,SANTA BARBARA MUNICIPAL AIRPORT CA US,20100113,0.12,1.54,1.54,191,138,79,38,52,23.1,63.5,40.4,4.1,8.6,5.9,6.1
GHCND:USW00023190,SANTA BARBARA MUNICIPAL AIRPORT CA US,20100114,0.13,1.67,1.67,190,138,79,37,52,23.1,63.5,40.5,4.2,8.5,5.9,6.1
GHCND:USW00023190,SANTA BARBARA MUNICIPAL AIRPORT CA US,20100115,0.12,1.79,1.79,190,138,79,37,52,23.1,63.6,40.5,4.2,8.5,5.9,6
GHCND:USW00023190,SANTA BARBARA MUNICIPAL AIRPORT CA US,20100116,0.12,1.91,1.91,190,138,79,37,52.1,23,63.6,40.6,4.2,8.5,5.9,6
GHCND:USW00023190,SANTA BARBARA MUNICIPAL AIRPORT CA US,20100117,0.12,2.03,2.03,190,139,80,37,52.1,23,63.6,40.6,4.2,8.4,5.9,6
GHCND:USW00023190,SANTA BARBARA MUNICIPAL AIRPORT CA US,20100118,0.11,2.14,2.14,190,140,80,37,52.2,22.9,63.6,40.7,4.2,8.4,5.9,6
GHCND:USW00023190,SANTA BARBARA MUNICIPAL AIRPORT CA US,20100119,0.11,2.25,2.25,191,140,80,37,52.2,22.9,63.6,40.8,4.3,8.4,6,6
GHCND:USW00023190,SANTA BARBARA MUNICIPAL AIRPORT CA US,20100120,0.11,2.36,2.36,192,141,80,37,52.2,22.8,63.6,40.8,4.3,8.3,6,6
GHCND:USW00023190,SANTA BARBARA MUNICIPAL AIRPORT CA US,20100121,0.1,2.46,2.46,193,142,81,37,52.3,22.7,63.7,40.9,4.3,8.3,6,6
GHCND:USW00023190,SANTA BARBARA MUNICIPAL AIRPORT CA US,20100122,0.1,2.56,2.56,194,144,81,37,52.3,22.7,63.7,41,4.3,8.3,6,6
GHCND:USW00023190,SANTA BARBARA MUNICIPAL AIRPORT CA US,20100123,0.1,2.66,2.66,195,145,81,37,52.4,22.6,63.7,41.1,4.3,8.2,6,6
GHCND:USW00023190,SANTA BARBARA MUNICIPAL AIRPORT CA US,20100124,0.1,2.76,2.76,196,145,81,37,52.4,22.5,63.7,41.2,4.3,8.2,6,6
GHCND:USW00023190,SANTA BARBARA MUNICIPAL AIRPORT CA US,20100125,0.1,2.86,2.86,196,146,81,37,52.5,22.4,63.7,41.2,4.3,8.2,6,6
GHCND:USW00023190,SANTA BARBARA MUNICIPAL AIRPORT CA US,20100126,0.1,2.96,2.96,197,146,81,37,52.5,22.3,63.7,41.3,4.3,8.2,6,6
GHCND:USW00023190,SANTA BARBARA MUNICIPAL AIRPORT CA US,20100127,0.1,3.06,3.06,198,147,81,37,52.5,22.2,63.6,41.4,4.3,8.2,5.9,6
GHCND:USW00023190,SANTA BARBARA MUNICIPAL AIRPORT CA US,20100128,0.1,3.16,3.16,198,148,81,37,52.6,22.1,63.6,41.5,4.3,8.1,5.9,6
GHCND:USW00023190,SANTA BARBARA MUNICIPAL AIRPORT CA US,20100129,0.11,3.27,3.27,199,148,81,36,52.6,22,63.6,41.6,4.3,8.1,5.9,6
GHCND:USW00023190,SANTA BARBARA MUNICIPAL AIRPORT CA US,20100130,0.11,3.38,3.38,200,149,81,36,52.7,21.9,63.6,41.8,4.3,8.1,5.9,5.9
GHCND:USW00023190,SANTA BARBARA MUNICIPAL AIRPORT CA US,20100131,0.12,3.5,3.5,201,150,81,36,52.7,21.7,63.6,41.9,4.3,8.1,5.9,5.9
GHCND:USW00023190,SANTA BARBARA MUNICIPAL AIRPORT CA US,20100201,0.14,0.14,3.64,203,151,81,36,52.8,21.6,63.6,42,4.3,8.1,5.9,5.9
GHCND:USW00023190,SANTA BARBARA MUNICIPAL AIRPORT CA US,20100202,0.13,0.27,3.77,206,153,81,36,52.8,21.5,63.6,42.1,4.3,8.1,5.9,5.9
GHCND:USW00023190,SANTA BARBARA MUNICIPAL AIRPORT CA US,20100203,0.14,0.41,3.91,209,155,82,36,52.9,21.4,63.6,42.2,4.3,8.1,5.9,5.9
GHCND:USW00023190,SANTA BARBARA MUNICIPAL AIRPORT CA US,20100204,0.14,0.55,4.05,212,158,83,37,53,21.2,63.6,42.3,4.3,8,5.9,5.9
GHCND:USW00023190,SANTA BARBARA MUNICIPAL AIRPORT CA US,20100205,0.15,0.7,4.2,215,160,84,37,53,21.1,63.6,42.5,4.3,8,6,5.8
GHCND:USW00023190,SANTA BARBARA MUNICIPAL AIRPORT CA US,20100206,0.14,0.84,4.34,219,163,85,38,53.1,21,63.6,42.6,4.3,8,6,5.8
GHCND:USW00023190,SANTA BARBARA MUNICIPAL AIRPORT CA US,20100207,0.14,0.98,4.48,222,165,86,38,53.1,20.8,63.6,42.7,4.3,8,6,5.8
GHCND:USW00023190,SANTA BARBARA MUNICIPAL AIRPORT CA US,20100208,0.12,1.1,4.6,226,168,87,39,53.2,20.7,63.6,42.9,4.3,8,6,5.8
GHCND:USW00023190,SANTA BARBARA MUNICIPAL AIRPORT CA US,20100209,0.13,1.23,4.73,228,170,87,39,53.3,20.5,63.6,43,4.3,8,6,5.8
GHCND:USW00023190,SANTA BARBARA MUNICIPAL AIRPORT CA US,20100210,0.13,1.36,4.86,230,171,88,39,53.3,20.4,63.6,43.1,4.3,8,6,5.8
GHCND:USW00023190,SANTA BARBARA MUNICIPAL AIRPORT CA US,20100211,0.13,1.49,4.99,231,172,88,40,53.4,20.3,63.6,43.3,4.3,8,6,5.7
GHCND:USW00023190,SANTA BARBARA MUNICIPAL AIRPORT CA US,20100212,0.13,1.62,5.12,232,173,88,40,53.5,20.2,63.6,43.4,4.3,8,6,5.7
GHCND:USW00023190,SANTA BARBARA MUNICIPAL AIRPORT CA US,20100213,0.13,1.75,5.25,233,174,88,40,53.6,20,63.6,43.5,4.3,8,6,5.7
GHCND:USW00023190,SANTA BARBARA MUNICIPAL AIRPORT CA US,20100214,0.14,1.89,5.39,234,174,88,40,53.6,19.9,63.6,43.7,4.2,8,6,5.7
GHCND:USW00023190,SANTA BARBARA MUNICIPAL AIRPORT CA US,20100215,0.14,2.03,5.53,235,174,88,40,53.7,19.8,63.6,43.8,4.2,8,5.9,5.7
GHCND:USW00023190,SANTA BARBARA MUNICIPAL AIRPORT CA US,20100216,0.15,2.18,5.68,236,175,87,40,53.8,19.7,63.6,43.9,4.2,8,5.9,5.7
GHCND:USW00023190,SANTA BARBARA MUNICIPAL AIRPORT CA US,20100217,0.15,2.33,5.83,236,175,87,40,53.9,19.6,63.7,44.1,4.2,8,5.9,5.7
GHCND:USW00023190,SANTA BARBARA MUNICIPAL AIRPORT CA US,20100218,0.15,2.48,5.98,237,175,87,40,53.9,19.5,63.7,44.2,4.2,8,5.9,5.7
GHCND:USW00023190,SANTA BARBARA MUNICIPAL AIRPORT CA US,20100219,0.17,2.65,6.15,237,175,87,39,54,19.4,63.7,44.3,4.2,8,5.9,5.6
GHCND:USW00023190,SANTA BARBARA MUNICIPAL AIRPORT CA US,20100220,0.16,2.81,6.31,236,175,86,39,54.1,19.3,63.7,44.4,4.2,7.9,5.9,5.6
GHCND:USW00023190,SANTA BARBARA MUNICIPAL AIRPORT CA US,20100221,0.16,2.97,6.47,236,174,86,39,54.2,19.2,63.8,44.6,4.2,7.9,5.9,5.6
GHCND:USW00023190,SANTA BARBARA MUNICIPAL AIRPORT CA US,20100222,0.15,3.12,6.62,235,174,85,39,54.2,19.1,63.8,44.7,4.2,7.9,5.9,5.6
GHCND:USW00023190,SANTA BARBARA MUNICIPAL AIRPORT CA US,20100223,0.15,3.27,6.77,235,174,85,39,54.3,19.1,63.9,44.8,4.1,7.9,5.9,5.5
GHCND:USW00023190,SANTA BARBARA MUNICIPAL AIRPORT CA US,20100224,0.14,3.41,6.91,235,174,85,38,54.4,19,63.9,44.9,4.1,7.8,5.9,5.5
GHCND:USW00023190,SANTA BARBARA MUNICIPAL AIRPORT CA US,20100225,0.15,3.56,7.06,234,173,84,38,54.5,19,64,45,4.1,7.8,5.9,5.5
GHCND:USW00023190,SANTA BARBARA MUNICIPAL AIRPORT CA US,20100226,0.14,3.7,7.2,234,173,84,38,54.5,18.9,64,45.1,4.1,7.8,5.9,5.4
GHCND:USW00023190,SANTA BARBARA MUNICIPAL AIRPORT CA US,20100227,0.13,3.83,7.33,234,173,84,38,54.6,18.9,64.1,45.2,4.1,7.8,5.9,5.4
GHCND:USW00023190,SANTA BARBARA MUNICIPAL AIRPORT CA US,20100228,0.13,3.96,7.46,233,173,83,38,54.7,18.9,64.1,45.2,4.1,7.7,5.9,5.4
GHCND:USW00023190,SANTA BARBARA MUNICIPAL AIRPORT CA US,20100301,0.12,0.12,7.58,232,171,82,37,54.8,18.9,64.2,45.3,4.1,7.7,5.9,5.4
GHCND:USW00023190,SANTA BARBARA MUNICIPAL AIRPORT CA US,20100302,0.12,0.24,7.7,230,170,81,36,54.8,18.9,64.2,45.4,4.1,7.7,5.9,5.3
GHCND:USW00023190,SANTA BARBARA MUNICIPAL AIRPORT CA US,20100303,0.13,0.37,7.83,227,168,80,35,54.9,18.9,64.3,45.4,4.1,7.7,5.9,5.3
GHCND:USW00023190,SANTA BARBARA MUNICIPAL AIRPORT CA US,20100304,0.12,0.49,7.95,225,166,78,34,54.9,18.9,64.4,45.5,4.1,7.7,5.9,5.3
GHCND:USW00023190,SANTA BARBARA MUNICIPAL AIRPORT CA US,20100305,0.13,0.62,8.08,222,163,76,33,55,18.9,64.4,45.6,4.1,7.6,5.9,5.2
GHCND:USW00023190,SANTA BARBARA MUNICIPAL AIRPORT CA US,20100306,0.12,0.74,8.2,218,160,75,32,55.1,18.9,64.5,45.6,4.1,7.6,6,5.2
GHCND:USW00023190,SANTA BARBARA MUNICIPAL AIRPORT CA US,20100307,0.12,0.86,8.32,215,158,73,31,55.1,18.9,64.6,45.6,4.1,7.6,6,5.2
GHCND:USW00023190,SANTA BARBARA MUNICIPAL AIRPORT CA US,20100308,0.12,0.98,8.44,211,155,71,30,55.2,19,64.6,45.7,4.1,7.6,6,5.1
GHCND:USW00023190,SANTA BARBARA MUNICIPAL AIRPORT CA US,20100309,0.12,1.1,8.56,208,153,70,29,55.2,19,64.7,45.7,4.1,7.6,6,5.1
GHCND:USW00023190,SANTA BARBARA MUNICIPAL AIRPORT CA US,20100310,0.13,1.23,8.69,206,151,68,28,55.3,19,64.8,45.7,4.1,7.6,6,5.1
GHCND:USW00023190,SANTA BARBARA MUNICIPAL AIRPORT CA US,20100311,0.13,1.36,8.82,204,149,67,27,55.3,19.1,64.9,45.8,4.1,7.5,6,5
GHCND:USW00023190,SANTA BARBARA MUNICIPAL AIRPORT CA US,20100312,0.12,1.48,8.94,201,147,66,26,55.4,19.1,64.9,45.8,4.1,7.5,6.1,5
GHCND:USW00023190,SANTA BARBARA MUNICIPAL AIRPORT CA US,20100313,0.12,1.6,9.06,199,145,64,25,55.4,19.2,65,45.8,4.1,7.5,6.1,5
GHCND:USW00023190,SANTA BARBARA MUNICIPAL AIRPORT CA US,20100314,0.11,1.71,9.17,196,143,63,25,55.4,19.3,65.1,45.8,4.1,7.5,6.1,4.9
GHCND:USW00023190,SANTA BARBARA MUNICIPAL AIRPORT CA US,20100315,0.11,1.82,9.28,194,141,62,24,55.5,19.3,65.1,45.8,4.2,7.5,6.2,4.9
GHCND:USW00023190,SANTA BARBARA MUNICIPAL AIRPORT CA US,20100316,0.11,1.93,9.39,191,139,61,23,55.5,19.4,65.2,45.8,4.2,7.5,6.2,4.9
GHCND:USW00023190,SANTA BARBARA MUNICIPAL AIRPORT CA US,20100317,0.1,2.03,9.49,188,137,59,22,55.6,19.4,65.3,45.8,4.2,7.5,6.3,4.8
GHCND:USW00023190,SANTA BARBARA MUNICIPAL AIRPORT CA US,20100318,0.1,2.13,9.59,185,134,58,21,55.6,19.5,65.3,45.9,4.2,7.5,6.4,4.8
GHCND:USW00023190,SANTA BARBARA MUNICIPAL AIRPORT CA US,20100319,0.09,2.22,9.68,182,132,57,20,55.6,19.6,65.4,45.9,4.3,7.5,6.4,4.8
GHCND:USW00023190,SANTA BARBARA MUNICIPAL AIRPORT CA US,20100320,0.09,2.31,9.77,179,130,55,19,55.7,19.6,65.5,45.9,4.3,7.5,6.5,4.8
GHCND:USW00023190,SANTA BARBARA MUNICIPAL AIRPORT CA US,20100321,0.09,2.4,9.86,176,127,54,18,55.7,19.7,65.6,45.9,4.3,7.5,6.5,4.7
GHCND:USW00023190,SANTA BARBARA MUNICIPAL AIRPORT CA US,20100322,0.09,2.49,9.95,173,125,52,18,55.8,19.7,65.6,45.9,4.3,7.5,6.6,4.7
GHCND:USW00023190,SANTA BARBARA MUNICIPAL AIRPORT CA US,20100323,0.08,2.57,10.03,170,122,51,17,55.8,19.8,65.7,45.9,4.3,7.5,6.6,4.6
GHCND:USW00023190,SANTA BARBARA MUNICIPAL AIRPORT CA US,20100324,0.09,2.66,10.12,167,120,49,16,55.8,19.8,65.8,45.9,4.3,7.5,6.7,4.6
GHCND:USW00023190,SANTA BARBARA MUNICIPAL AIRPORT CA US,20100325,0.08,2.74,10.2,163,117,48,15,55.9,19.9,65.8,45.9,4.3,7.5,6.7,4.6
GHCND:USW00023190,SANTA BARBARA MUNICIPAL AIRPORT CA US,20100326,0.07,2.81,10.27,160,114,46,14,55.9,19.9,65.9,46,4.3,7.5,6.7,4.5
GHCND:USW00023190,SANTA BARBARA MUNICIPAL AIRPORT CA US,20100327,0.08,2.89,10.35,156,111,44,13,56,20,66,46,4.3,7.5,6.7,4.5
GHCND:USW00023190,SANTA BARBARA MUNICIPAL AIRPORT CA US,20100328,0.08,2.97,10.43,152,107,42,13,56,20,66,46,4.3,7.5,6.7,4.5
GHCND:USW00023190,SANTA BARBARA MUNICIPAL AIRPORT CA US,20100329,0.07,3.04,10.5,148,104,41,12,56.1,20,66.1,46.1,4.3,7.5,6.7,4.4
GHCND:USW00023190,SANTA BARBARA MUNICIPAL AIRPORT CA US,20100330,0.07,3.11,10.57,144,101,39,11,56.1,20,66.2,46.1,4.3,7.5,6.7,4.4
GHCND:USW00023190,SANTA BARBARA MUNICIPAL AIRPORT CA US,20100331,0.07,3.18,10.64,141,98,38,11,56.2,20.1,66.2,46.2,4.3,7.5,6.7,4.3
GHCND:USW00023190,SANTA BARBARA MUNICIPAL AIRPORT CA US,20100401,0.06,0.06,10.7,138,95,37,10,56.3,20.1,66.3,46.2,4.2,7.5,6.7,4.3
GHCND:USW00023190,SANTA BARBARA MUNICIPAL AIRPORT CA US,20100402,0.05,0.11,10.75,135,92,36,10,56.3,20.1,66.4,46.3,4.2,7.5,6.7,4.3
GHCND:USW00023190,SANTA BARBARA MUNICIPAL AIRPORT CA US,20100403,0.05,0.16,10.8,132,90,35,10,56.4,20.1,66.4,46.3,4.2,7.4,6.7,4.2
GHCND:USW00023190,SANTA BARBARA MUNICIPAL AIRPORT CA US,20100404,0.04,0.2,10.84,129,88,34,9,56.5,20.1,66.5,46.4,4.2,7.4,6.7,4.2
GHCND:USW00023190,SANTA BARBARA MUNICIPAL AIRPORT CA US,20100405,0.05,0.25,10.89,126,86,33,9,56.5,20.1,66.6,46.5,4.2,7.4,6.7,4.2
GHCND:USW00023190,SANTA BARBARA MUNICIPAL AIRPORT CA US,20100406,0.05,0.3,10.94,123,84,32,8,56.6,20,66.6,46.6,4.2,7.4,6.7,4.2
GHCND:USW00023190,SANTA BARBARA MUNICIPAL AIRPORT CA US,20100407,0.04,0.34,10.98,121,82,31,8,56.7,20,66.7,46.7,4.2,7.4,6.7,4.2
GHCND:USW00023190,SANTA BARBARA MUNICIPAL AIRPORT CA US,20100408,0.05,0.39,11.03,118,80,30,8,56.8,20,66.8,46.8,4.2,7.4,6.7,4.1
GHCND:USW00023190,SANTA BARBARA MUNICIPAL AIRPORT CA US,20100409,0.03,0.42,11.06,115,77,29,7,56.9,19.9,66.8,46.9,4.2,7.4,6.7,4.1
GHCND:USW00023190,SANTA BARBARA MUNICIPAL AIRPORT CA US,20100410,0.04,0.46,11.1,112,75,29,7,56.9,19.9,66.9,47,4.2,7.4,6.7,4.1
GHCND:USW00023190,SANTA BARBARA MUNICIPAL AIRPORT CA US,20100411,0.03,0.49,11.13,110,73,28,7,57,19.9,67,47.1,4.2,7.4,6.7,4.1
GHCND:USW00023190,SANTA BARBARA MUNICIPAL AIRPORT CA US,20100412,0.03,0.52,11.16,107,71,27,6,57.1,19.8,67,47.2,4.2,7.4,6.7,4.1
GHCND:USW00023190,SANTA BARBARA MUNICIPAL AIRPORT CA US,20100413,0.03,0.55,11.19,105,69,27,6,57.2,19.8,67.1,47.4,4.2,7.4,6.7,4.1
GHCND:USW00023190,SANTA BARBARA MUNICIPAL AIRPORT CA US,20100414,0.03,0.58,11.22,102,67,26,6,57.3,19.7,67.2,47.5,4.1,7.3,6.7,4.1
GHCND:USW00023190,SANTA BARBARA MUNICIPAL AIRPORT CA US,20100415,0.03,0.61,11.25,100,65,25,5,57.4,19.6,67.3,47.6,4.1,7.3,6.7,4.1
GHCND:USW00023190,SANTA BARBARA MUNICIPAL AIRPORT CA US,20100416,0.03,0.64,11.28,98,63,25,5,57.5,19.6,67.3,47.8,4.1,7.3,6.6,4.1
GHCND:USW00023190,SANTA BARBARA MUNICIPAL AIRPORT CA US,20100417,0.03,0.67,11.31,96,61,24,5,57.7,19.5,67.4,47.9,4.1,7.3,6.6,4.1
GHCND:USW00023190,SANTA BARBARA MUNICIPAL AIRPORT CA US,20100418,0.03,0.7,11.34,94,59,23,5,57.8,19.4,67.5,48,4.1,7.3,6.6,4.1
GHCND:USW00023190,SANTA BARBARA MUNICIPAL AIRPORT CA US,20100419,0.03,0.73,11.37,92,57,23,5,57.9,19.4,67.6,48.2,4.1,7.3,6.6,4.1
GHCND:USW00023190,SANTA BARBARA MUNICIPAL AIRPORT CA US,20100420,0.03,0.76,11.4,90,56,22,4,58,19.3,67.6,48.3,4.1,7.2,6.6,4.1
GHCND:USW00023190,SANTA BARBARA MUNICIPAL AIRPORT CA US,20100421,0.03,0.79,11.43,88,54,21,4,58.1,19.2,67.7,48.5,4.1,7.2,6.6,4.1
GHCND:USW00023190,SANTA BARBARA MUNICIPAL AIRPORT CA US,20100422,0.02,0.81,11.45,85,52,20,4,58.2,19.1,67.8,48.6,4.1,7.2,6.5,4.1
GHCND:USW00023190,SANTA BARBARA MUNICIPAL AIRPORT CA US,20100423,0.03,0.84,11.48,83,50,20,4,58.3,19.1,67.8,48.8,4.1,7.1,6.5,4.1
GHCND:USW00023190,SANTA BARBARA MUNICIPAL AIRPORT CA US,20100424,0.03,0.87,11.51,81,49,19,3,58.4,19,67.9,48.9,4.1,7.1,6.5,4.1
GHCND:USW00023190,SANTA BARBARA MUNICIPAL AIRPORT CA US,20100425,0.02,0.89,11.53,79,47,19,3,58.5,18.9,68,49.1,4.1,7.1,6.5,4.1
GHCND:USW00023190,SANTA BARBARA MUNICIPAL AIRPORT CA US,20100426,0.03,0.92,11.56,77,46,18,3,58.6,18.8,68.1,49.2,4.1,7,6.5,4.1
GHCND:USW00023190,SANTA BARBARA MUNICIPAL AIRPORT CA US,20100427,0.02,0.94,11.58,76,44,18,3,58.7,18.8,68.1,49.3,4.1,7,6.4,4.1
GHCND:USW00023190,SANTA BARBARA MUNICIPAL AIRPORT CA US,20100428,0.02,0.96,11.6,74,43,17,3,58.8,18.7,68.2,49.5,4.1,7,6.4,4.1
GHCND:USW00023190,SANTA BARBARA MUNICIPAL AIRPORT CA US,20100429,0.02,0.98,11.62,72,42,17,3,58.9,18.6,68.2,49.6,4.1,6.9,6.4,4.1
GHCND:USW00023190,SANTA BARBARA MUNICIPAL AIRPORT CA US,20100430,0.02,1,11.64,71,40,16,2,59,18.6,68.3,49.8,4.1,6.9,6.4,4.1
GHCND:USW00023190,SANTA BARBARA MUNICIPAL AIRPORT CA US,20100501,0.02,0.02,11.66,69,39,16,-9999,59.1,18.5,68.4,49.9,4.1,6.8,6.3,4.1
GHCND:USW00023190,SANTA BARBARA MUNICIPAL AIRPORT CA US,20100502,0.03,0.05,11.69,67,37,15,-9999,59.2,18.4,68.4,50,4.1,6.8,6.3,4.1
GHCND:USW00023190,SANTA BARBARA MUNICIPAL AIRPORT CA US,20100503,0.02,0.07,11.71,65,35,15,-9999,59.3,18.4,68.5,50.1,4.1,6.8,6.2,4.1
GHCND:USW00023190,SANTA BARBARA MUNICIPAL AIRPORT CA US,20100504,0.02,0.09,11.73,64,34,14,-9999,59.4,18.3,68.5,50.2,4.1,6.7,6.2,4.1
GHCND:USW00023190,SANTA BARBARA MUNICIPAL AIRPORT CA US,20100505,0.01,0.1,11.74,62,32,14,-9999,59.5,18.2,68.6,50.4,4,6.7,6.2,4.1
GHCND:USW00023190,SANTA BARBARA MUNICIPAL AIRPORT CA US,20100506,0.01,0.11,11.75,61,31,13,-9999,59.6,18.2,68.6,50.5,4,6.7,6.1,4.1
GHCND:USW00023190,SANTA BARBARA MUNICIPAL AIRPORT CA US,20100507,0.02,0.13,11.77,59,29,12,-9999,59.6,18.1,68.7,50.6,4,6.6,6,4.1
GHCND:USW00023190,SANTA BARBARA MUNICIPAL AIRPORT CA US,20100508,0.01,0.14,11.78,58,28,12,-9999,59.7,18.1,68.7,50.7,3.9,6.6,6,4.1
GHCND:USW00023190,SANTA BARBARA MUNICIPAL AIRPORT CA US,20100509,0.02,0.16,11.8,56,27,11,-9999,59.8,18,68.8,50.8,3.9,6.5,5.9,4.1
GHCND:USW00023190,SANTA BARBARA MUNICIPAL AIRPORT CA US,20100510,0.01,0.17,11.81,55,25,11,-9999,59.8,18,68.8,50.8,3.9,6.5,5.8,4.1
GHCND:USW00023190,SANTA BARBARA MUNICIPAL AIRPORT CA US,20100511,0.01,0.18,11.82,53,24,10,-9999,59.9,17.9,68.9,50.9,3.8,6.4,5.7,4.1
GHCND:USW00023190,SANTA BARBARA MUNICIPAL AIRPORT CA US,20100512,0.02,0.2,11.84,52,23,10,-9999,60,17.9,68.9,51,3.8,6.4,5.7,4.1
GHCND:USW00023190,SANTA BARBARA MUNICIPAL AIRPORT CA US,20100513,0.01,0.21,11.85,50,22,9,-9999,60,17.9,68.9,51.1,3.7,6.4,5.6,4.1
GHCND:USW00023190,SANTA BARBARA MUNICIPAL AIRPORT CA US,20100514,0.01,0.22,11.86,49,21,9,0,60.1,17.8,69,51.2,3.7,6.3,5.5,4
GHCND:USW00023190,SANTA BARBARA MUNICIPAL AIRPORT CA US,20100515,0.01,0.23,11.87,48,20,8,0,60.1,17.8,69,51.2,3.6,6.3,5.5,4
GHCND:USW00023190,SANTA BARBARA MUNICIPAL AIRPORT CA US,20100516,0.01,0.24,11.88,46,19,8,0,60.2,17.7,69,51.3,3.6,6.2,5.4,4
GHCND:USW00023190,SANTA BARBARA MUNICIPAL AIRPORT CA US,20100517,0.01,0.25,11.89,45,18,7,0,60.2,17.7,69.1,51.4,3.5,6.2,5.3,4
GHCND:USW00023190,SANTA BARBARA MUNICIPAL AIRPORT CA US,20100518,0,0.25,11.89,44,17,7,0,60.3,17.7,69.1,51.4,3.5,6.2,5.2,4
GHCND:USW00023190,SANTA BARBARA MUNICIPAL AIRPORT CA US,20100519,0.01,0.26,11.9,42,16,7,0,60.3,17.7,69.1,51.5,3.4,6.2,5.2,4
GHCND:USW00023190,SANTA BARBARA MUNICIPAL AIRPORT CA US,20100520,0.01,0.27,11.91,41,15,7,0,60.3,17.6,69.2,51.5,3.4,6.2,5.1,4
GHCND:USW00023190,SANTA BARBARA MUNICIPAL AIRPORT CA US,20100521,0,0.27,11.91,40,15,6,0,60.4,17.6,69.2,51.6,3.3,6.1,5.1,4
GHCND:USW00023190,SANTA BARBARA MUNICIPAL AIRPORT CA US,20100522,0.01,0.28,11.92,39,14,6,0,60.4,17.6,69.2,51.6,3.3,6.1,5,3.9
GHCND:USW00023190,SANTA BARBARA MUNICIPAL AIRPORT CA US,20100523,0.01,0.29,11.93,38,13,6,0,60.5,17.5,69.2,51.7,3.3,6.1,5,3.9
GHCND:USW00023190,SANTA BARBARA MUNICIPAL AIRPORT CA US,20100524,0.01,0.3,11.94,37,13,6,0,60.5,17.5,69.3,51.8,3.2,6.1,4.9,3.9
GHCND:USW00023190,SANTA BARBARA MUNICIPAL AIRPORT CA US,20100525,0,0.3,11.94,36,12,5,0,60.6,17.5,69.3,51.8,3.2,6.1,4.9,3.9
GHCND:USW00023190,SANTA BARBARA MUNICIPAL AIRPORT CA US,20100526,0.01,0.31,11.95,35,11,5,0,60.6,17.5,69.3,51.9,3.2,6.1,4.9,3.9
GHCND:USW00023190,SANTA BARBARA MUNICIPAL AIRPORT CA US,20100527,0.01,0.32,11.96,34,11,5,0,60.7,17.4,69.4,51.9,3.2,6.1,4.9,3.8
GHCND:USW00023190,SANTA BARBARA MUNICIPAL AIRPORT CA US,20100528,0,0.32,11.96,32,10,5,0,60.7,17.4,69.4,52,3.2,6,4.9,3.8
GHCND:USW00023190,SANTA BARBARA MUNICIPAL AIRPORT CA US,20100529,0.01,0.33,11.97,31,10,5,0,60.8,17.4,69.4,52.1,3.2,6,4.9,3.8
GHCND:USW00023190,SANTA BARBARA MUNICIPAL AIRPORT CA US,20100530,0,0.33,11.97,30,10,4,0,60.8,17.3,69.5,52.2,3.1,6,4.9,3.8
GHCND:USW00023190,SANTA BARBARA MUNICIPAL AIRPORT CA US,20100531,0.01,0.34,11.98,29,9,4,0,60.9,17.3,69.5,52.2,3.1,6,4.9,3.8
GHCND:USW00023190,SANTA BARBARA MUNICIPAL AIRPORT CA US,20100601,0,0,11.98,28,9,4,0,60.9,17.3,69.6,52.3,3.1,6,4.9,3.8
GHCND:USW00023190,SANTA BARBARA MUNICIPAL AIRPORT CA US,20100602,0.01,0.01,11.99,27,9,4,0,61,17.2,69.6,52.4,3.1,6,4.9,3.7
GHCND:USW00023190,SANTA BARBARA MUNICIPAL AIRPORT CA US,20100603,0,0.01,11.99,26,9,4,0,61.1,17.2,69.7,52.5,3.1,6,4.9,3.7
GHCND:USW00023190,SANTA BARBARA MUNICIPAL AIRPORT CA US,20100604,0.01,0.02,12,25,9,3,0,61.2,17.1,69.7,52.6,3.1,6,4.9,3.7
GHCND:USW00023190,SANTA BARBARA MUNICIPAL AIRPORT CA US,20100605,0,0.02,12,24,8,3,0,61.2,17.1,69.8,52.7,3.1,6,4.9,3.7
GHCND:USW00023190,SANTA BARBARA MUNICIPAL AIRPORT CA US,20100606,0,0.02,12,23,8,3,0,61.3,17,69.8,52.8,3.1,6,4.9,3.7
GHCND:USW00023190,SANTA BARBARA MUNICIPAL AIRPORT CA US,20100607,0.01,0.03,12.01,22,8,3,0,61.4,17,69.9,52.9,3.1,6,4.9,3.7
GHCND:USW00023190,SANTA BARBARA MUNICIPAL AIRPORT CA US,20100608,0,0.03,12.01,21,8,3,0,61.5,16.9,70,53,3.1,6,4.9,3.6
GHCND:USW00023190,SANTA BARBARA MUNICIPAL AIRPORT CA US,20100609,0,0.03,12.01,21,7,3,0,61.6,16.9,70.1,53.2,3.1,5.9,4.9,3.6
GHCND:USW00023190,SANTA BARBARA MUNICIPAL AIRPORT CA US,20100610,0.01,0.04,12.02,20,7,2,0,61.7,16.8,70.1,53.3,3.1,5.9,4.9,3.6
GHCND:USW00023190,SANTA BARBARA MUNICIPAL AIRPORT CA US,20100611,0,0.04,12.02,19,7,2,0,61.8,16.8,70.2,53.4,3.1,5.9,4.9,3.6
GHCND:USW00023190,SANTA BARBARA MUNICIPAL AIRPORT CA US,20100612,0,0.04,12.02,18,7,2,0,61.9,16.7,70.3,53.6,3.1,5.9,4.9,3.5
GHCND:USW00023190,SANTA BARBARA MUNICIPAL AIRPORT CA US,20100613,0,0.04,12.02,18,7,2,0,62,16.7,70.4,53.7,3.1,5.9,4.9,3.5
GHCND:USW00023190,SANTA BARBARA MUNICIPAL AIRPORT CA US,20100614,0,0.04,12.02,17,6,2,0,62.2,16.6,70.5,53.9,3.1,5.8,4.9,3.5
GHCND:USW00023190,SANTA BARBARA MUNICIPAL AIRPORT CA US,20100615,0.01,0.05,12.03,17,6,2,0,62.3,16.6,70.6,54,3.1,5.8,4.9,3.5
GHCND:USW00023190,SANTA BARBARA MUNICIPAL AIRPORT CA US,20100616,0,0.05,12.03,16,6,1,0,62.4,16.5,70.7,54.2,3.1,5.8,4.9,3.4
GHCND:USW00023190,SANTA BARBARA MUNICIPAL AIRPORT CA US,20100617,0,0.05,12.03,16,6,1,0,62.5,16.4,70.8,54.3,3.1,5.8,4.9,3.4
GHCND:USW00023190,SANTA BARBARA MUNICIPAL AIRPORT CA US,20100618,0,0.05,12.03,15,6,1,0,62.7,16.4,70.9,54.5,3.1,5.7,4.9,3.4
GHCND:USW00023190,SANTA BARBARA MUNICIPAL AIRPORT CA US,20100619,0.01,0.06,12.04,15,6,1,0,62.8,16.3,71,54.7,3.1,5.7,4.9,3.3
GHCND:USW00023190,SANTA BARBARA MUNICIPAL AIRPORT CA US,20100620,0,0.06,12.04,15,6,1,0,62.9,16.2,71.1,54.8,3.1,5.7,4.9,3.3
GHCND:USW00023190,SANTA BARBARA MUNICIPAL AIRPORT CA US,20100621,0,0.06,12.04,14,6,1,0,63.1,16.2,71.2,55,3.1,5.6,4.9,3.3
GHCND:USW00023190,SANTA BARBARA MUNICIPAL AIRPORT CA US,20100622,0,0.06,12.04,14,6,1,0,63.2,16.1,71.3,55.2,3.1,5.6,4.9,3.3
GHCND:USW00023190,SANTA BARBARA MUNICIPAL AIRPORT CA US,20100623,0,0.06,12.04,14,6,1,0,63.4,16.1,71.4,55.3,3,5.6,4.8,3.3
GHCND:USW00023190,SANTA BARBARA MUNICIPAL AIRPORT CA US,20100624,0,0.06,12.04,14,6,1,0,63.5,16,71.5,55.5,3,5.5,4.8,3.3
GHCND:USW00023190,SANTA BARBARA MUNICIPAL AIRPORT CA US,20100625,0,0.06,12.04,14,6,0,0,63.6,15.9,71.6,55.7,3,5.5,4.8,3.3
GHCND:USW00023190,SANTA BARBARA MUNICIPAL AIRPORT CA US,20100626,0,0.06,12.04,14,5,0,0,63.8,15.9,71.7,55.8,3,5.4,4.8,3.3
GHCND:USW00023190,SANTA BARBARA MUNICIPAL AIRPORT CA US,20100627,0,0.06,12.04,14,5,0,0,63.9,15.8,71.8,56,3,5.4,4.7,3.2
GHCND:USW00023190,SANTA BARBARA MUNICIPAL AIRPORT CA US,20100628,0.01,0.07,12.05,14,5,0,0,64,15.8,71.9,56.1,3,5.3,4.7,3.2
GHCND:USW00023190,SANTA BARBARA MUNICIPAL AIRPORT CA US,20100629,0,0.07,12.05,14,5,0,0,64.2,15.7,72,56.3,3,5.3,4.7,3.2
GHCND:USW00023190,SANTA BARBARA MUNICIPAL AIRPORT CA US,20100630,0,0.07,12.05,14,5,0,0,64.3,15.7,72.1,56.5,3,5.3,4.6,3.2
GHCND:USW00023190,SANTA BARBARA MUNICIPAL AIRPORT CA US,20100701,0,0,12.05,14,5,0,0,64.4,15.6,72.2,56.6,3,5.2,4.6,3.2
GHCND:USW00023190,SANTA BARBARA MUNICIPAL AIRPORT CA US,20100702,0,0,12.05,14,5,0,0,64.5,15.6,72.3,56.7,3,5.2,4.6,3.2
GHCND:USW00023190,SANTA BARBARA MUNICIPAL AIRPORT CA US,20100703,0.01,0.01,12.06,14,5,0,0,64.7,15.6,72.4,56.9,3,5.2,4.6,3.2
GHCND:USW00023190,SANTA BARBARA MUNICIPAL AIRPORT CA US,20100704,0,0.01,12.06,14,5,0,0,64.8,15.5,72.5,57,3,5.2,4.5,3.3
GHCND:USW00023190,SANTA BARBARA MUNICIPAL AIRPORT CA US,20100705,0,0.01,12.06,14,4,0,0,64.9,15.5,72.6,57.1,3,5.1,4.5,3.3
GHCND:USW00023190,SANTA BARBARA MUNICIPAL AIRPORT CA US,20100706,0,0.01,12.06,14,4,0,0,65,15.5,72.7,57.3,3,5.1,4.5,3.3
GHCND:USW00023190,SANTA BARBARA MUNICIPAL AIRPORT CA US,20100707,0,0.01,12.06,14,4,0,0,65.1,15.4,72.8,57.4,3,5.1,4.4,3.3
GHCND:USW00023190,SANTA BARBARA MUNICIPAL AIRPORT CA US,20100708,0,0.01,12.06,14,4,0,0,65.2,15.4,72.9,57.5,3,5,4.4,3.3
GHCND:USW00023190,SANTA BARBARA MUNICIPAL AIRPORT CA US,20100709,0,0.01,12.06,13,4,0,0,65.3,15.4,73,57.6,3,5,4.4,3.3
GHCND:USW00023190,SANTA BARBARA MUNICIPAL AIRPORT CA US,20100710,0.01,0.02,12.07,13,4,0,0,65.4,15.4,73,57.7,3,5,4.4,3.3
GHCND:USW00023190,SANTA BARBARA MUNICIPAL AIRPORT CA US,20100711,0,0.02,12.07,13,4,0,0,65.4,15.4,73.1,57.8,3,4.9,4.3,3.3
GHCND:USW00023190,SANTA BARBARA MUNICIPAL AIRPORT CA US,20100712,0,0.02,12.07,13,4,0,0,65.5,15.4,73.2,57.8,3,4.9,4.3,3.3
GHCND:USW00023190,SANTA BARBARA MUNICIPAL AIRPORT CA US,20100713,0,0.02,12.07,12,4,0,0,65.6,15.3,73.2,57.9,2.9,4.9,4.3,3.3
GHCND:USW00023190,SANTA BARBARA MUNICIPAL AIRPORT CA US,20100714,0,0.02,12.07,12,3,0,0,65.6,15.3,73.3,58,2.9,4.9,4.3,3.3
GHCND:USW00023190,SANTA BARBARA MUNICIPAL AIRPORT CA US,20100715,0,0.02,12.07,11,3,0,0,65.7,15.4,73.4,58,2.9,4.8,4.2,3.3
GHCND:USW00023190,SANTA BARBARA MUNICIPAL AIRPORT CA US,20100716,0,0.02,12.07,11,3,0,0,65.7,15.4,73.4,58.1,2.9,4.8,4.2,3.3
GHCND:USW00023190,SANTA BARBARA MUNICIPAL AIRPORT CA US,20100717,0,0.02,12.07,11,3,0,0,65.8,15.4,73.5,58.1,2.9,4.8,4.2,3.4
GHCND:USW00023190,SANTA BARBARA MUNICIPAL AIRPORT CA US,20100718,0,0.02,12.07,10,3,0,0,65.8,15.4,73.5,58.1,2.9,4.7,4.1,3.4
GHCND:USW00023190,SANTA BARBARA MUNICIPAL AIRPORT CA US,20100719,0,0.02,12.07,10,3,0,0,65.9,15.4,73.6,58.2,2.9,4.7,4.1,3.4
GHCND:USW00023190,SANTA BARBARA MUNICIPAL AIRPORT CA US,20100720,0.01,0.03,12.08,10,2,0,0,65.9,15.4,73.6,58.2,2.9,4.7,4.1,3.4
GHCND:USW00023190,SANTA BARBARA MUNICIPAL AIRPORT CA US,20100721,0,0.03,12.08,10,2,0,0,65.9,15.4,73.7,58.2,2.9,4.7,4,3.4
GHCND:USW00023190,SANTA BARBARA MUNICIPAL AIRPORT CA US,20100722,0,0.03,12.08,9,3,0,0,65.9,15.5,73.7,58.2,2.9,4.6,4,3.4
GHCND:USW00023190,SANTA BARBARA MUNICIPAL AIRPORT CA US,20100723,0,0.03,12.08,9,3,0,0,66,15.5,73.7,58.2,2.9,4.6,4,3.4
GHCND:USW00023190,SANTA BARBARA MUNICIPAL AIRPORT CA US,20100724,0,0.03,12.08,9,3,0,0,66,15.5,73.8,58.2,2.9,4.6,4,3.4
GHCND:USW00023190,SANTA BARBARA MUNICIPAL AIRPORT CA US,20100725,0,0.03,12.08,9,3,0,0,66,15.6,73.8,58.2,2.9,4.6,4,3.4
GHCND:USW00023190,SANTA BARBARA MUNICIPAL AIRPORT CA US,20100726,0,0.03,12.08,9,3,-9999,0,66,15.6,73.8,58.2,2.9,4.6,4,3.4
GHCND:USW00023190,SANTA BARBARA MUNICIPAL AIRPORT CA US,20100727,0,0.03,12.08,9,3,-9999,0,66,15.7,73.8,58.2,2.9,4.6,4,3.4
GHCND:USW00023190,SANTA BARBARA MUNICIPAL AIRPORT CA US,20100728,0,0.03,12.08,9,3,-9999,0,66,15.7,73.9,58.2,2.9,4.6,4,3.4
GHCND:USW00023190,SANTA BARBARA MUNICIPAL AIRPORT CA US,20100729,0,0.03,12.08,8,3,-9999,0,66,15.8,73.9,58.1,2.9,4.6,4,3.4
GHCND:USW00023190,SANTA BARBARA MUNICIPAL AIRPORT CA US,20100730,0,0.03,12.08,8,3,-9999,0,66,15.8,73.9,58.1,2.9,4.6,4,3.4
GHCND:USW00023190,SANTA BARBARA MUNICIPAL AIRPORT CA US,20100731,0,0.03,12.08,8,3,-9999,0,66,15.9,73.9,58.1,2.9,4.6,4,3.4
GHCND:USW00023190,SANTA BARBARA MUNICIPAL AIRPORT CA US,20100801,0,0,12.08,8,3,1,0,66,15.9,74,58.1,2.9,4.6,4,3.4
GHCND:USW00023190,SANTA BARBARA MUNICIPAL AIRPORT CA US,20100802,0,0,12.08,8,4,1,0,66,16,74,58,3,4.6,4,3.4
GHCND:USW00023190,SANTA BARBARA MUNICIPAL AIRPORT CA US,20100803,0,0,12.08,8,4,1,0,66,16,74,58,3,4.6,4.1,3.4
GHCND:USW00023190,SANTA BARBARA MUNICIPAL AIRPORT CA US,20100804,0.01,0.01,12.09,8,4,1,0,66,16.1,74,58,3,4.6,4.1,3.5
GHCND:USW00023190,SANTA BARBARA MUNICIPAL AIRPORT CA US,20100805,0,0.01,12.09,8,4,1,0,66,16.1,74.1,57.9,3,4.6,4.1,3.5
GHCND:USW00023190,SANTA BARBARA MUNICIPAL AIRPORT CA US,20100806,0,0.01,12.09,8,4,2,0,66,16.2,74.1,57.9,3,4.7,4.1,3.5
GHCND:USW00023190,SANTA BARBARA MUNICIPAL AIRPORT CA US,20100807,0.01,0.02,12.1,8,4,2,0,66,16.3,74.1,57.9,3,4.7,4.1,3.5
GHCND:USW00023190,SANTA BARBARA MUNICIPAL AIRPORT CA US,20100808,0,0.02,12.1,8,5,2,0,66,16.3,74.2,57.8,3,4.7,4.1,3.5
GHCND:USW00023190,SANTA BARBARA MUNICIPAL AIRPORT CA US,20100809,0,0.02,12.1,8,5,2,0,66,16.4,74.2,57.8,3,4.7,4.1,3.5
GHCND:USW00023190,SANTA BARBARA MUNICIPAL AIRPORT CA US,20100810,0.01,0.03,12.11,8,5,2,0,66,16.4,74.2,57.8,3,4.8,4.2,3.5
GHCND:USW00023190,SANTA BARBARA MUNICIPAL AIRPORT CA US,20100811,0,0.03,12.11,9,5,2,0,66,16.5,74.2,57.7,3.1,4.8,4.2,3.5
GHCND:USW00023190,SANTA BARBARA MUNICIPAL AIRPORT CA US,20100812,0.01,0.04,12.12,9,6,2,0,66,16.6,74.3,57.7,3.1,4.8,4.2,3.6
GHCND:USW00023190,SANTA BARBARA MUNICIPAL AIRPORT CA US,20100813,0,0.04,12.12,9,6,2,0,66,16.6,74.3,57.7,3.1,4.8,4.3,3.6
GHCND:USW00023190,SANTA BARBARA MUNICIPAL AIRPORT CA US,20100814,0,0.04,12.12,10,6,2,0,66,16.7,74.3,57.7,3.1,4.9,4.3,3.6
GHCND:USW00023190,SANTA BARBARA MUNICIPAL AIRPORT CA US,20100815,0.01,0.05,12.13,10,7,2,0,66,16.7,74.4,57.6,3.1,4.9,4.3,3.6
GHCND:USW00023190,SANTA BARBARA MUNICIPAL AIRPORT CA US,20100816,0,0.05,12.13,10,7,3,0,66,16.8,74.4,57.6,3.1,5,4.4,3.6
GHCND:USW00023190,SANTA BARBARA MUNICIPAL AIRPORT CA US,20100817,0.01,0.06,12.14,10,7,3,0,66,16.9,74.4,57.6,3.2,5,4.4,3.6
GHCND:USW00023190,SANTA BARBARA MUNICIPAL AIRPORT CA US,20100818,0,0.06,12.14,10,7,3,0,66,16.9,74.5,57.5,3.2,5.1,4.5,3.6
GHCND:USW00023190,SANTA BARBARA MUNICIPAL AIRPORT CA US,20100819,0.01,0.07,12.15,10,7,3,0,66,17,74.5,57.5,3.2,5.2,4.5,3.7
GHCND:USW00023190,SANTA BARBARA MUNICIPAL AIRPORT CA US,20100820,0,0.07,12.15,10,7,3,0,66,17.1,74.5,57.5,3.2,5.2,4.6,3.7
GHCND:USW00023190,SANTA BARBARA MUNICIPAL AIRPORT CA US,20100821,0,0.07,12.15,10,7,3,0,66,17.1,74.6,57.5,3.3,5.3,4.6,3.7
GHCND:USW00023190,SANTA BARBARA MUNICIPAL AIRPORT CA US,20100822,0.01,0.08,12.16,10,7,2,0,66,17.2,74.6,57.4,3.3,5.3,4.7,3.7
GHCND:USW00023190,SANTA BARBARA MUNICIPAL AIRPORT CA US,20100823,0,0.08,12.16,11,7,2,0,66,17.2,74.6,57.4,3.3,5.4,4.7,3.8
GHCND:USW00023190,SANTA BARBARA MUNICIPAL AIRPORT CA US,20100824,0.01,0.09,12.17,11,7,2,0,66,17.3,74.7,57.4,3.3,5.4,4.7,3.8
GHCND:USW00023190,SANTA BARBARA MUNICIPAL AIRPORT CA US,20100825,0,0.09,12.17,11,7,2,0,66,17.3,74.7,57.3,3.3,5.5,4.8,3.8
GHCND:USW00023190,SANTA BARBARA MUNICIPAL AIRPORT CA US,20100826,0.01,0.1,12.18,11,8,2,0,66,17.4,74.7,57.3,3.3,5.5,4.8,3.9
GHCND:USW00023190,SANTA BARBARA MUNICIPAL AIRPORT CA US,20100827,0,0.1,12.18,12,8,2,0,66,17.5,74.7,57.3,3.4,5.6,4.8,3.9
GHCND:USW00023190,SANTA BARBARA MUNICIPAL AIRPORT CA US,20100828,0.01,0.11,12.19,12,8,2,0,66,17.5,74.7,57.2,3.4,5.7,4.8,3.9
GHCND:USW00023190,SANTA BARBARA MUNICIPAL AIRPORT CA US,20100829,0,0.11,12.19,13,8,2,0,66,17.6,74.8,57.2,3.4,5.7,4.9,3.9
GHCND:USW00023190,SANTA BARBARA MUNICIPAL AIRPORT CA US,20100830,0.01,0.12,12.2,13,8,2,0,66,17.6,74.8,57.1,3.4,5.8,4.9,4
GHCND:USW00023190,SANTA BARBARA MUNICIPAL AIRPORT CA US,20100831,0,0.12,12.2,14,8,2,0,65.9,17.7,74.8,57.1,3.4,5.8,4.9,4
GHCND:USW00023190,SANTA BARBARA MUNICIPAL AIRPORT CA US,20100901,0,0,12.2,15,8,2,0,65.9,17.7,74.8,57.1,3.4,5.8,4.9,4
GHCND:USW00023190,SANTA BARBARA MUNICIPAL AIRPORT CA US,20100902,0.01,0.01,12.21,15,9,2,0,65.9,17.8,74.8,57,3.5,5.9,5,4.1
GHCND:USW00023190,SANTA BARBARA MUNICIPAL AIRPORT CA US,20100903,0,0.01,12.21,16,9,2,1,65.9,17.8,74.8,57,3.5,5.9,5,4.1
GHCND:USW00023190,SANTA BARBARA MUNICIPAL AIRPORT CA US,20100904,0,0.01,12.21,17,10,2,1,65.8,17.9,74.8,56.9,3.5,6,5,4.1
GHCND:USW00023190,SANTA BARBARA MUNICIPAL AIRPORT CA US,20100905,0,0.01,12.21,18,10,2,1,65.8,17.9,74.7,56.8,3.5,6,5,4.2
GHCND:USW00023190,SANTA BARBARA MUNICIPAL AIRPORT CA US,20100906,0.01,0.02,12.22,19,10,2,1,65.7,18,74.7,56.8,3.5,6.1,5.1,4.2
GHCND:USW00023190,SANTA BARBARA MUNICIPAL AIRPORT CA US,20100907,0,0.02,12.22,20,11,3,1,65.7,18,74.7,56.7,3.5,6.1,5.1,4.2
GHCND:USW00023190,SANTA BARBARA MUNICIPAL AIRPORT CA US,20100908,0,0.02,12.22,22,11,3,1,65.7,18,74.7,56.6,3.6,6.2,5.1,4.2
GHCND:USW00023190,SANTA BARBARA MUNICIPAL AIRPORT CA US,20100909,0,0.02,12.22,23,12,3,1,65.6,18.1,74.6,56.6,3.6,6.2,5.2,4.3
GHCND:USW00023190,SANTA BARBARA MUNICIPAL AIRPORT CA US,20100910,0.01,0.03,12.23,24,12,3,2,65.5,18.1,74.6,56.5,3.6,6.3,5.2,4.3
GHCND:USW00023190,SANTA BARBARA MUNICIPAL AIRPORT CA US,20100911,0,0.03,12.23,25,12,3,2,65.5,18.2,74.6,56.4,3.7,6.3,5.3,4.3
GHCND:USW00023190,SANTA BARBARA MUNICIPAL AIRPORT CA US,20100912,0.01,0.04,12.24,26,13,3,2,65.4,18.2,74.5,56.3,3.7,6.3,5.3,4.4
GHCND:USW00023190,SANTA BARBARA MUNICIPAL AIRPORT CA US,20100913,0.01,0.05,12.25,27,13,3,2,65.3,18.3,74.5,56.2,3.7,6.4,5.4,4.4
GHCND:USW00023190,SANTA BARBARA MUNICIPAL AIRPORT CA US,20100914,0,0.05,12.25,28,13,4,2,65.3,18.3,74.4,56.1,3.7,6.4,5.4,4.4
GHCND:USW00023190,SANTA BARBARA MUNICIPAL AIRPORT CA US,20100915,0.01,0.06,12.26,29,14,4,2,65.2,18.4,74.4,56,3.7,6.5,5.4,4.4
GHCND:USW00023190,SANTA BARBARA MUNICIPAL AIRPORT CA US,20100916,0.01,0.07,12.27,31,14,4,3,65.1,18.4,74.3,55.9,3.8,6.5,5.5,4.4
GHCND:USW00023190,SANTA BARBARA MUNICIPAL AIRPORT CA US,20100917,0.01,0.08,12.28,32,15,4,3,65,18.4,74.2,55.8,3.8,6.6,5.5,4.5
GHCND:USW00023190,SANTA BARBARA MUNICIPAL AIRPORT CA US,20100918,0.01,0.09,12.29,33,16,5,3,64.9,18.5,74.2,55.7,3.8,6.7,5.5,4.5
GHCND:USW00023190,SANTA BARBARA MUNICIPAL AIRPORT CA US,20100919,0.02,0.11,12.31,35,16,5,3,64.8,18.5,74.1,55.6,3.8,6.7,5.6,4.5
GHCND:USW00023190,SANTA BARBARA MUNICIPAL AIRPORT CA US,20100920,0.01,0.12,12.32,37,17,6,4,64.7,18.6,74,55.4,3.8,6.8,5.6,4.5
GHCND:USW00023190,SANTA BARBARA MUNICIPAL AIRPORT CA US,20100921,0.01,0.13,12.33,38,18,6,4,64.6,18.6,73.9,55.3,3.8,6.9,5.7,4.5
GHCND:USW00023190,SANTA BARBARA MUNICIPAL AIRPORT CA US,20100922,0.02,0.15,12.35,40,19,7,4,64.5,18.7,73.9,55.2,3.8,6.9,5.7,4.5
GHCND:USW00023190,SANTA BARBARA MUNICIPAL AIRPORT CA US,20100923,0.01,0.16,12.36,42,20,7,4,64.4,18.7,73.8,55,3.8,7,5.8,4.5
GHCND:USW00023190,SANTA BARBARA MUNICIPAL AIRPORT CA US,20100924,0.01,0.17,12.37,43,21,8,5,64.3,18.8,73.7,54.9,3.8,7.1,5.8,4.6
GHCND:USW00023190,SANTA BARBARA MUNICIPAL AIRPORT CA US,20100925,0.02,0.19,12.39,45,21,8,5,64.2,18.9,73.6,54.8,3.8,7.2,5.8,4.6
GHCND:USW00023190,SANTA BARBARA MUNICIPAL AIRPORT CA US,20100926,0.01,0.2,12.4,47,22,8,5,64.1,18.9,73.5,54.6,3.8,7.2,5.9,4.6
GHCND:USW00023190,SANTA BARBARA MUNICIPAL AIRPORT CA US,20100927,0.01,0.21,12.41,48,23,9,5,64,19,73.5,54.5,3.8,7.3,5.9,4.6
GHCND:USW00023190,SANTA BARBARA MUNICIPAL AIRPORT CA US,20100928,0.02,0.23,12.43,50,24,9,6,63.8,19.1,73.4,54.3,3.8,7.4,5.9,4.6
GHCND:USW00023190,SANTA BARBARA MUNICIPAL AIRPORT CA US,20100929,0.01,0.24,12.44,52,25,10,6,63.7,19.1,73.3,54.2,3.8,7.5,6,4.6
GHCND:USW00023190,SANTA BARBARA MUNICIPAL AIRPORT CA US,20100930,0.02,0.26,12.46,53,26,10,6,63.6,19.2,73.2,54,3.8,7.6,6,4.7
GHCND:USW00023190,SANTA BARBARA MUNICIPAL AIRPORT CA US,20101001,0.01,0.01,12.47,55,27,11,6,63.5,19.3,73.1,53.9,3.8,7.7,6.1,4.7
GHCND:USW00023190,SANTA BARBARA MUNICIPAL AIRPORT CA US,20101002,0.02,0.03,12.49,56,28,11,6,63.4,19.3,73,53.7,3.8,7.7,6.1,4.7
GHCND:USW00023190,SANTA BARBARA MUNICIPAL AIRPORT CA US,20101003,0.02,0.05,12.51,58,29,12,7,63.2,19.4,73,53.5,3.8,7.8,6.1,4.7
GHCND:USW00023190,SANTA BARBARA MUNICIPAL AIRPORT CA US,20101004,0.01,0.06,12.52,60,30,12,7,63.1,19.5,72.9,53.4,3.8,7.9,6.2,4.7
GHCND:USW00023190,SANTA BARBARA MUNICIPAL AIRPORT CA US,20101005,0.02,0.08,12.54,62,31,13,7,63,19.6,72.8,53.2,3.8,8,6.2,4.7
GHCND:USW00023190,SANTA BARBARA MUNICIPAL AIRPORT CA US,20101006,0.02,0.1,12.56,63,33,14,7,62.9,19.7,72.7,53,3.8,8.1,6.3,4.8
GHCND:USW00023190,SANTA BARBARA MUNICIPAL AIRPORT CA US,20101007,0.02,0.12,12.58,65,34,14,7,62.7,19.8,72.6,52.8,3.8,8.2,6.3,4.8
GHCND:USW00023190,SANTA BARBARA MUNICIPAL AIRPORT CA US,20101008,0.02,0.14,12.6,67,35,15,7,62.6,19.9,72.6,52.7,3.8,8.2,6.3,4.8
GHCND:USW00023190,SANTA BARBARA MUNICIPAL AIRPORT CA US,20101009,0.02,0.16,12.62,68,37,15,7,62.5,20,72.5,52.5,3.8,8.3,6.3,4.8
GHCND:USW00023190,SANTA BARBARA MUNICIPAL AIRPORT CA US,20101010,0.03,0.19,12.65,70,38,16,7,62.4,20.1,72.4,52.3,3.8,8.4,6.4,4.9
GHCND:USW00023190,SANTA BARBARA MUNICIPAL AIRPORT CA US,20101011,0.01,0.2,12.66,72,40,16,7,62.2,20.2,72.4,52.1,3.8,8.4,6.4,4.9
GHCND:USW00023190,SANTA BARBARA MUNICIPAL AIRPORT CA US,20101012,0.03,0.23,12.69,74,41,17,8,62.1,20.3,72.3,52,3.8,8.5,6.4,4.9
GHCND:USW00023190,SANTA BARBARA MUNICIPAL AIRPORT CA US,20101013,0.02,0.25,12.71,76,43,18,8,62,20.4,72.2,51.8,3.8,8.5,6.4,5
GHCND:USW00023190,SANTA BARBARA MUNICIPAL AIRPORT CA US,20101014,0.02,0.27,12.73,78,45,19,8,61.9,20.6,72.1,51.6,3.8,8.6,6.4,5
GHCND:USW00023190,SANTA BARBARA MUNICIPAL AIRPORT CA US,20101015,0.02,0.29,12.75,81,47,19,8,61.7,20.7,72.1,51.4,3.8,8.6,6.4,5
GHCND:USW00023190,SANTA BARBARA MUNICIPAL AIRPORT CA US,20101016,0.03,0.32,12.78,83,50,20,9,61.6,20.8,72,51.2,3.9,8.6,6.5,5
GHCND:USW00023190,SANTA BARBARA MUNICIPAL AIRPORT CA US,20101017,0.02,0.34,12.8,85,51,21,9,61.5,20.9,71.9,51,3.9,8.6,6.4,5.1
GHCND:USW00023190,SANTA BARBARA MUNICIPAL AIRPORT CA US,20101018,0.02,0.36,12.82,87,53,21,9,61.3,21.1,71.9,50.8,3.9,8.6,6.4,5.1
GHCND:USW00023190,SANTA BARBARA MUNICIPAL AIRPORT CA US,20101019,0.03,0.39,12.85,89,55,22,9,61.2,21.2,71.8,50.6,3.9,8.6,6.4,5.1
GHCND:USW00023190,SANTA BARBARA MUNICIPAL AIRPORT CA US,20101020,0.03,0.42,12.88,91,57,23,9,61.1,21.3,71.7,50.4,3.9,8.6,6.4,5.1
GHCND:USW00023190,SANTA BARBARA MUNICIPAL AIRPORT CA US,20101021,0.02,0.44,12.9,93,58,23,9,60.9,21.5,71.7,50.2,3.9,8.6,6.4,5.1
GHCND:USW00023190,SANTA BARBARA MUNICIPAL AIRPORT CA US,20101022,0.03,0.47,12.93,95,60,24,9,60.8,21.6,71.6,50,3.9,8.6,6.4,5.2
GHCND:USW00023190,SANTA BARBARA MUNICIPAL AIRPORT CA US,20101023,0.02,0.49,12.95,97,61,24,9,60.7,21.7,71.5,49.8,3.9,8.6,6.4,5.2
GHCND:USW00023190,SANTA BARBARA MUNICIPAL AIRPORT CA US,20101024,0.03,0.52,12.98,98,63,25,9,60.5,21.9,71.4,49.6,3.9,8.6,6.3,5.2
GHCND:USW00023190,SANTA BARBARA MUNICIPAL AIRPORT CA US,20101025,0.04,0.56,13.02,100,64,26,9,60.4,22,71.4,49.3,3.9,8.6,6.3,5.2
GHCND:USW00023190,SANTA BARBARA MUNICIPAL AIRPORT CA US,20101026,0.04,0.6,13.06,101,66,26,9,60.2,22.2,71.3,49.1,3.9,8.5,6.3,5.2
GHCND:USW00023190,SANTA BARBARA MUNICIPAL AIRPORT CA US,20101027,0.04,0.64,13.1,103,67,27,9,60.1,22.3,71.2,48.9,3.9,8.5,6.3,5.2
GHCND:USW00023190,SANTA BARBARA MUNICIPAL AIRPORT CA US,20101028,0.04,0.68,13.14,104,68,28,9,59.9,22.4,71.1,48.7,3.9,8.5,6.3,5.2
GHCND:USW00023190,SANTA BARBARA MUNICIPAL AIRPORT CA US,20101029,0.04,0.72,13.18,106,70,28,9,59.7,22.6,71,48.5,4,8.5,6.3,5.2
GHCND:USW00023190,SANTA BARBARA MUNICIPAL AIRPORT CA US,20101030,0.05,0.77,13.23,107,71,29,9,59.6,22.7,70.9,48.2,4,8.4,6.3,5.2
GHCND:USW00023190,SANTA BARBARA MUNICIPAL AIRPORT CA US,20101031,0.04,0.81,13.27,108,72,29,10,59.4,22.8,70.8,48,4,8.4,6.3,5.2
GHCND:USW00023190,SANTA BARBARA MUNICIPAL AIRPORT CA US,20101101,0.05,0.05,13.32,109,73,30,10,59.2,22.9,70.7,47.8,4,8.4,6.3,5.3
GHCND:USW00023190,SANTA BARBARA MUNICIPAL AIRPORT CA US,20101102,0.05,0.1,13.37,110,74,30,10,59.1,23.1,70.6,47.5,4,8.4,6.3,5.3
GHCND:USW00023190,SANTA BARBARA MUNICIPAL AIRPORT CA US,20101103,0.05,0.15,13.42,112,75,31,10,58.9,23.2,70.5,47.3,4.1,8.3,6.3,5.3
GHCND:USW00023190,SANTA BARBARA MUNICIPAL AIRPORT CA US,20101104,0.04,0.19,13.46,113,76,31,10,58.7,23.3,70.3,47.1,4.1,8.3,6.3,5.3
GHCND:USW00023190,SANTA BARBARA MUNICIPAL AIRPORT CA US,20101105,0.05,0.24,13.51,114,77,32,10,58.5,23.4,70.2,46.8,4.1,8.3,6.3,5.3
GHCND:USW00023190,SANTA BARBARA MUNICIPAL AIRPORT CA US,20101106,0.05,0.29,13.56,116,78,32,10,58.3,23.5,70.1,46.6,4.1,8.2,6.3,5.3
GHCND:USW00023190,SANTA BARBARA MUNICIPAL AIRPORT CA US,20101107,0.05,0.34,13.61,117,79,33,11,58.1,23.6,69.9,46.3,4.1,8.2,6.2,5.3
GHCND:USW00023190,SANTA BARBARA MUNICIPAL AIRPORT CA US,20101108,0.04,0.38,13.65,119,80,34,11,57.9,23.7,69.8,46.1,4.1,8.2,6.2,5.3
GHCND:USW00023190,SANTA BARBARA MUNICIPAL AIRPORT CA US,20101109,0.05,0.43,13.7,120,80,34,11,57.7,23.8,69.6,45.8,4.1,8.1,6.2,5.3
GHCND:USW00023190,SANTA BARBARA MUNICIPAL AIRPORT CA US,20101110,0.05,0.48,13.75,121,81,35,11,57.5,23.8,69.4,45.6,4.1,8.1,6.1,5.3
GHCND:USW00023190,SANTA BARBARA MUNICIPAL AIRPORT CA US,20101111,0.05,0.53,13.8,122,81,35,11,57.3,23.9,69.3,45.4,4.1,8.1,6.1,5.3
GHCND:USW00023190,SANTA BARBARA MUNICIPAL AIRPORT CA US,20101112,0.05,0.58,13.85,123,81,36,11,57.1,24,69.1,45.1,4,8.1,6.1,5.3
GHCND:USW00023190,SANTA BARBARA MUNICIPAL AIRPORT CA US,20101113,0.06,0.64,13.91,124,81,36,11,56.9,24,68.9,44.9,4,8,6,5.3
GHCND:USW00023190,SANTA BARBARA MUNICIPAL AIRPORT CA US,20101114,0.05,0.69,13.96,125,81,36,11,56.7,24.1,68.7,44.6,4,8,6,5.3
GHCND:USW00023190,SANTA BARBARA MUNICIPAL AIRPORT CA US,20101115,0.05,0.74,14.01,125,81,37,11,56.5,24.1,68.5,44.4,4,8,6,5.3
GHCND:USW00023190,SANTA BARBARA MUNICIPAL AIRPORT CA US,20101116,0.05,0.79,14.06,126,81,37,11,56.3,24.2,68.3,44.2,4,8,5.9,5.3
GHCND:USW00023190,SANTA BARBARA MUNICIPAL AIRPORT CA US,20101117,0.05,0.84,14.11,127,81,38,11,56,24.2,68.1,43.9,4,8,5.9,5.3
GHCND:USW00023190,SANTA BARBARA MUNICIPAL AIRPORT CA US,20101118,0.06,0.9,14.17,128,82,38,11,55.8,24.2,67.9,43.7,3.9,8,5.9,5.3
GHCND:USW00023190,SANTA BARBARA MUNICIPAL AIRPORT CA US,20101119,0.06,0.96,14.23,129,82,39,11,55.6,24.2,67.7,43.5,3.9,8,5.9,5.3
GHCND:USW00023190,SANTA BARBARA MUNICIPAL AIRPORT CA US,20101120,0.05,1.01,14.28,131,83,40,11,55.4,24.2,67.5,43.3,3.9,8,5.8,5.3
GHCND:USW00023190,SANTA BARBARA MUNICIPAL AIRPORT CA US,20101121,0.06,1.07,14.34,132,84,41,12,55.2,24.2,67.3,43.1,3.9,8,5.8,5.3
GHCND:USW00023190,SANTA BARBARA MUNICIPAL AIRPORT CA US,20101122,0.06,1.13,14.4,134,84,42,12,55,24.2,67.1,42.9,3.9,8,5.8,5.3
GHCND:USW00023190,SANTA BARBARA MUNICIPAL AIRPORT CA US,20101123,0.06,1.19,14.46,136,86,43,13,54.8,24.2,66.9,42.7,3.9,8,5.8,5.3
GHCND:USW00023190,SANTA BARBARA MUNICIPAL AIRPORT CA US,20101124,0.05,1.24,14.51,138,87,44,13,54.6,24.2,66.7,42.5,3.9,8,5.7,5.3
GHCND:USW00023190,SANTA BARBARA MUNICIPAL AIRPORT CA US,20101125,0.06,1.3,14.57,140,88,45,14,54.4,24.2,66.5,42.3,3.8,8,5.7,5.3
GHCND:USW00023190,SANTA BARBARA MUNICIPAL AIRPORT CA US,20101126,0.05,1.35,14.62,142,89,45,14,54.2,24.2,66.3,42.1,3.8,8,5.7,5.3
GHCND:USW00023190,SANTA BARBARA MUNICIPAL AIRPORT CA US,20101127,0.05,1.4,14.67,144,90,46,15,54,24.1,66.1,41.9,3.8,7.9,5.7,5.3
GHCND:USW00023190,SANTA BARBARA MUNICIPAL AIRPORT CA US,20101128,0.05,1.45,14.72,146,91,47,15,53.8,24.1,65.9,41.7,3.8,7.9,5.7,5.3
GHCND:USW00023190,SANTA BARBARA MUNICIPAL AIRPORT CA US,20101129,0.05,1.5,14.77,147,92,48,16,53.6,24.1,65.7,41.6,3.8,7.9,5.6,5.3
GHCND:USW00023190,SANTA BARBARA MUNICIPAL AIRPORT CA US,20101130,0.05,1.55,14.82,149,93,49,16,53.4,24,65.5,41.4,3.8,7.9,5.6,5.3
GHCND:USW00023190,SANTA BARBARA MUNICIPAL AIRPORT CA US,20101201,0.05,0.05,14.87,151,94,51,17,53.3,24,65.3,41.3,3.8,7.9,5.6,5.3
GHCND:USW00023190,SANTA BARBARA MUNICIPAL AIRPORT CA US,20101202,0.06,0.11,14.93,153,96,52,18,53.1,23.9,65.1,41.1,3.8,7.9,5.6,5.3
GHCND:USW00023190,SANTA BARBARA MUNICIPAL AIRPORT CA US,20101203,0.06,0.17,14.99,156,97,53,19,53,23.9,64.9,41,3.8,7.9,5.6,5.4
GHCND:USW00023190,SANTA BARBARA MUNICIPAL AIRPORT CA US,20101204,0.07,0.24,15.06,158,99,54,19,52.8,23.9,64.7,40.9,3.8,8,5.6,5.4
GHCND:USW00023190,SANTA BARBARA MUNICIPAL AIRPORT CA US,20101205,0.07,0.31,15.13,160,100,55,20,52.7,23.8,64.6,40.8,3.8,8,5.6,5.4
GHCND:USW00023190,SANTA BARBARA MUNICIPAL AIRPORT CA US,20101206,0.08,0.39,15.21,162,101,56,21,52.5,23.7,64.4,40.7,3.8,8,5.6,5.4
GHCND:USW00023190,SANTA BARBARA MUNICIPAL AIRPORT CA US,20101207,0.07,0.46,15.28,164,103,57,22,52.4,23.7,64.2,40.5,3.8,8,5.6,5.4
GHCND:USW00023190,SANTA BARBARA MUNICIPAL AIRPORT CA US,20101208,0.09,0.55,15.37,166,104,58,22,52.3,23.6,64.1,40.5,3.8,8.1,5.6,5.5
GHCND:USW00023190,SANTA BARBARA MUNICIPAL AIRPORT CA US,20101209,0.07,0.62,15.44,168,106,59,23,52.2,23.6,64,40.4,3.8,8.1,5.6,5.5
GHCND:USW00023190,SANTA BARBARA MUNICIPAL AIRPORT CA US,20101210,0.08,0.7,15.52,171,108,60,24,52.1,23.5,63.8,40.3,3.8,8.1,5.6,5.5
GHCND:USW00023190,SANTA BARBARA MUNICIPAL AIRPORT CA US,20101211,0.08,0.78,15.6,173,110,61,25,52,23.5,63.7,40.2,3.8,8.1,5.6,5.6
GHCND:USW00023190,SANTA BARBARA MUNICIPAL AIRPORT CA US,20101212,0.09,0.87,15.69,175,112,63,26,51.9,23.5,63.6,40.2,3.8,8.2,5.6,5.6
GHCND:USW00023190,SANTA BARBARA MUNICIPAL AIRPORT CA US,20101213,0.08,0.95,15.77,178,114,64,27,51.8,23.4,63.5,40.1,3.9,8.2,5.6,5.6
GHCND:USW00023190,SANTA BARBARA MUNICIPAL AIRPORT CA US,20101214,0.09,1.04,15.86,180,117,65,28,51.7,23.4,63.4,40,3.9,8.2,5.7,5.6
GHCND:USW00023190,SANTA BARBARA MUNICIPAL AIRPORT CA US,20101215,0.09,1.13,15.95,183,119,67,29,51.7,23.3,63.3,40,3.9,8.2,5.7,5.7
GHCND:USW00023190,SANTA BARBARA MUNICIPAL AIRPORT CA US,20101216,0.1,1.23,16.05,185,120,68,30,51.6,23.3,63.3,40,3.9,8.2,5.7,5.7
GHCND:USW00023190,SANTA BARBARA MUNICIPAL AIRPORT CA US,20101217,0.1,1.33,16.15,187,122,69,31,51.6,23.3,63.2,39.9,3.9,8.2,5.7,5.7
GHCND:USW00023190,SANTA BARBARA MUNICIPAL AIRPORT CA US,20101218,0.09,1.42,16.24,189,124,70,32,51.5,23.2,63.1,39.9,3.9,8.3,5.7,5.7
GHCND:USW00023190,SANTA BARBARA MUNICIPAL AIRPORT CA US,20101219,0.1,1.52,16.34,190,125,71,33,51.5,23.2,63.1,39.9,3.9,8.3,5.7,5.7
GHCND:USW00023190,SANTA BARBARA MUNICIPAL AIRPORT CA US,20101220,0.1,1.62,16.44,191,126,72,34,51.5,23.2,63.1,39.9,3.9,8.3,5.7,5.7
GHCND:USW00023190,SANTA BARBARA MUNICIPAL AIRPORT CA US,20101221,0.11,1.73,16.55,192,127,72,34,51.4,23.2,63,39.9,3.9,8.3,5.7,5.8
GHCND:USW00023190,SANTA BARBARA MUNICIPAL AIRPORT CA US,20101222,0.1,1.83,16.65,193,128,73,35,51.4,23.1,63,39.9,3.9,8.4,5.7,5.8
GHCND:USW00023190,SANTA BARBARA MUNICIPAL AIRPORT CA US,20101223,0.11,1.94,16.76,193,128,73,35,51.4,23.1,63,39.9,3.9,8.4,5.7,5.8
GHCND:USW00023190,SANTA BARBARA MUNICIPAL AIRPORT CA US,20101224,0.11,2.05,16.87,194,129,74,36,51.4,23.1,63,39.9,3.9,8.4,5.7,5.8
GHCND:USW00023190,SANTA BARBARA MUNICIPAL AIRPORT CA US,20101225,0.12,2.17,16.99,195,131,75,36,51.4,23.1,63,39.9,3.9,8.5,5.7,5.8
GHCND:USW00023190,SANTA BARBARA MUNICIPAL AIRPORT CA US,20101226,0.12,2.29,17.11,196,132,76,37,51.4,23.1,63,39.9,3.9,8.5,5.7,5.9
GHCND:USW00023190,SANTA BARBARA MUNICIPAL AIRPORT CA US,20101227,0.13,2.42,17.24,197,133,77,37,51.4,23.1,63,39.9,4,8.5,5.7,5.9
GHCND:USW00023190,SANTA BARBARA MUNICIPAL AIRPORT CA US,20101228,0.13,2.55,17.37,198,135,77,37,51.5,23.1,63,39.9,4,8.5,5.7,5.9
GHCND:USW00023190,SANTA BARBARA MUNICIPAL AIRPORT CA US,20101229,0.13,2.68,17.5,199,136,78,38,51.5,23.1,63,39.9,4,8.6,5.8,5.9
GHCND:USW00023190,SANTA BARBARA MUNICIPAL AIRPORT CA US,20101230,0.13,2.81,17.63,200,137,78,38,51.5,23.1,63.1,39.9,4,8.6,5.8,6
GHCND:USW00023190,SANTA BARBARA MUNICIPAL AIRPORT CA US,20101231,0.13,2.94,17.76,201,138,79,38,51.5,23.1,63.1,40,4,8.6,5.8,6
